{
  "hash": "10d328d3",
  "configHash": "53b3bd7e",
  "lockfileHash": "10810316",
  "browserHash": "ca2d1a5b",
  "optimized": {
    "@angular/common": {
      "src": "../../../../../../node_modules/@angular/common/fesm2022/common.mjs",
      "file": "@angular_common.js",
      "fileHash": "c5270f65",
      "needsInterop": false
    },
    "@angular/common/http": {
      "src": "../../../../../../node_modules/@angular/common/fesm2022/http.mjs",
      "file": "@angular_common_http.js",
      "fileHash": "58d0a725",
      "needsInterop": false
    },
    "@angular/core": {
      "src": "../../../../../../node_modules/@angular/core/fesm2022/core.mjs",
      "file": "@angular_core.js",
      "fileHash": "38155087",
      "needsInterop": false
    },
    "@angular/forms": {
      "src": "../../../../../../node_modules/@angular/forms/fesm2022/forms.mjs",
      "file": "@angular_forms.js",
      "fileHash": "d360c0dd",
      "needsInterop": false
    },
    "@angular/platform-browser": {
      "src": "../../../../../../node_modules/@angular/platform-browser/fesm2022/platform-browser.mjs",
      "file": "@angular_platform-browser.js",
      "fileHash": "7d372734",
      "needsInterop": false
    },
    "@angular/router": {
      "src": "../../../../../../node_modules/@angular/router/fesm2022/router.mjs",
      "file": "@angular_router.js",
      "fileHash": "d63c7b14",
      "needsInterop": false
    },
    "rxjs": {
      "src": "../../../../../../node_modules/rxjs/dist/esm5/index.js",
      "file": "rxjs.js",
      "fileHash": "29ea160a",
      "needsInterop": false
    },
    "rxjs/operators": {
      "src": "../../../../../../node_modules/rxjs/dist/esm5/operators/index.js",
      "file": "rxjs_operators.js",
      "fileHash": "f80dc7ed",
      "needsInterop": false
    },
    "tslib": {
      "src": "../../../../../../node_modules/tslib/tslib.es6.mjs",
      "file": "tslib.js",
      "fileHash": "e93a39f0",
      "needsInterop": false
    }
  },
  "chunks": {
    "chunk-IIDHCZCW": {
      "file": "chunk-IIDHCZCW.js"
    },
    "chunk-D3ZBDB7W": {
      "file": "chunk-D3ZBDB7W.js"
    },
    "chunk-M2XXITXX": {
      "file": "chunk-M2XXITXX.js"
    },
    "chunk-RIY4RIJG": {
      "file": "chunk-RIY4RIJG.js"
    },
    "chunk-KQ2POAQN": {
      "file": "chunk-KQ2POAQN.js"
    },
    "chunk-UYPYIYP4": {
      "file": "chunk-UYPYIYP4.js"
    },
    "chunk-DNYJFIXW": {
      "file": "chunk-DNYJFIXW.js"
    },
    "chunk-EPAV4CNQ": {
      "file": "chunk-EPAV4CNQ.js"
    }
  }
}